Id, Label, Type
Abdon and Ceman, Abdon and Ceman, Subject
saints’ lives, saints’ lives, Subject
mystery plays, mystery plays, Subject
Abraham and Isaac, Abraham and Isaac, Subject
love, love, Subject
absence, absence, Subject
advice, advice, Subject
abstenance, abstenance, Subject
precepts, precepts, Subject
abuses of the age, abuses of the age, Subject
flatterers, flatterers, Subject
chronicles, chronicles, Subject
clergy, clergy, Subject
translations, translations, Subject
advice to princes, advice to princes, Subject
epitaphs, epitaphs, Subject
Adare, Adare, Subject
complaints, complaints, Subject
counsel, counsel, Subject
youth, youth, Subject
proverbs, proverbs, Subject
mutability, mutability, Subject
letters, letters, Subject
evils of the time, evils of the time, Subject
Peasants’ Revolt (1381), Peasants’ Revolt (1381), Subject
historical poems, historical poems, Subject
law, law, Subject
bribery, bribery, Subject
Edward II, Edward II, Subject
political poems, political poems, Subject
prayers, prayers, Subject
satire, satire, Subject
Church, Church, Subject
inscriptions, inscriptions, Subject
Nordell, Nordell, Subject
justice, justice, Subject
carols, carols, Subject
prophecies, prophecies, Subject
fables, fables, Subject
merchants, merchants, Subject
sermons, sermons, Subject
Molins, Molins, Subject
love lyrics, love lyrics, Subject
roundels, roundels, Subject
acrostics, acrostics, Subject
Virgin Mary, Virgin Mary, Subject
women, women, Subject
Katherine of Alexandria, Katherine of Alexandria, Subject
death, death, Subject
love letters, love letters, Subject
Elizabeth, Elizabeth, Subject
religious observance, religious observance, Subject
God, God, Subject
Frise, Frise, Subject
sins, sins, Subject
clothing, clothing, Subject
envoys, envoys, Subject
occasional verse, occasional verse, Subject
Stewart, Stewart, Subject
Stanley, Stanley, Subject
riddles, riddles, Subject
lovers, lovers, Subject
Richard, Richard, Subject
laments, laments, Subject
Christ, Christ, Subject
Adam, Adam, Subject
Creed, Creed, Subject
sin, sin, Subject
penitence, penitence, Subject
Adam and Eve, Adam and Eve, Subject
Satan, Satan, Subject
admonition, admonition, Subject
Adrian, Adrian, Subject
adultery, adultery, Subject
prologues, prologues, Subject
sinners, sinners, Subject
romances, romances, Subject
confession, confession, Subject
exempla, exempla, Subject
aphorisms, aphorisms, Subject
tales, tales, Subject
fabliaux, fabliaux, Subject
cuckoldry, cuckoldry, Subject
body, body, Subject
comic verse, comic verse, Subject
erotic verse, erotic verse, Subject
nonsense, nonsense, Subject
Advent, Advent, Subject
songs, songs, Subject
adversity, adversity, Subject
virtues, virtues, Subject
fragments, fragments, Subject
Fortune, Fortune, Subject
Dunbar (Scotland), Dunbar (Scotland), Subject
greed, greed, Subject
mercy, mercy, Subject
warnings, warnings, Subject
marriage, marriage, Subject
servants, servants, Subject
verse curse, verse curse, Subject
chastisement, chastisement, Subject
manuscripts, manuscripts, Subject
alphabetic poems, alphabetic poems, Subject
speech, speech, Subject
meditations, meditations, Subject
heaven, heaven, Subject
hell, hell, Subject
lovedays, lovedays, Subject
manners, manners, Subject
transitoriness, transitoriness, Subject
birds, birds, Subject
peace, peace, Subject
humility, humility, Subject
mortality, mortality, Subject
Saint Bernard, Saint Bernard, Subject
crucifixion, crucifixion, Subject
oaths, oaths, Subject
boasting, boasting, Subject
Job, Job, Subject
instruction, instruction, Subject
moderation, moderation, Subject
apprentices, apprentices, Subject
tongue, tongue, Subject
debates, debates, Subject
money, money, Subject
time, time, Subject
grace, grace, Subject
foresters, foresters, Subject
epigrams, epigrams, Subject
London, London, Subject
friends, friends, Subject
evil living, evil living, Subject
devotional verse, devotional verse, Subject
wealth, wealth, Subject
repentance, repentance, Subject
almsgiving, almsgiving, Subject
visions, visions, Subject
Ten Commandments, Ten Commandments, Subject
paraphrases, paraphrases, Subject
lechery, lechery, Subject
Paul, Paul, Subject
contemporary conditions, contemporary conditions, Subject
mottoes, mottoes, Subject
mnemonics, mnemonics, Subject
poverty, poverty, Subject
introductions, introductions, Subject
self knowledge, self knowledge, Subject
old age, old age, Subject
vanity, vanity, Subject
illustrations, illustrations, Subject
dialogues, dialogues, Subject
wits, wits, Subject
hunting, hunting, Subject
Robin Hood, Robin Hood, Subject
sloth, sloth, Subject
Henry VII, Henry VII, Subject
political verse, political verse, Subject
occupations, occupations, Subject
chansons d’aventure, chansons d’aventure, Subject
court life, court life, Subject
learning, learning, Subject
modesty, modesty, Subject
good deeds, good deeds, Subject
twelve-line, twelve-line, Subject
swearers, swearers, Subject
lust, lust, Subject
rubrics, rubrics, Subject
thieves, thieves, Subject
food, food, Subject
wine, wine, Subject
estates literature, estates literature, Subject
scripture, scripture, Subject
fornication, fornication, Subject
epilogues, epilogues, Subject
James I, James I, Subject
governance, governance, Subject
Cato, Cato, Subject
Holy Church, Holy Church, Subject
colophons, colophons, Subject
epistles, epistles, Subject
John, John, Subject
kings of England, kings of England, Subject
salvation, salvation, Subject
consience, consience, Subject
Henry VI, Henry VI, Subject
Aelthelwold, Aelthelwold, Subject
Aethelbert, Aethelbert, Subject
charters, charters, Subject
John of Beverley, John of Beverley, Subject
Aethelstan, Aethelstan, Subject
Ripon, Ripon, Subject
Agatha, Agatha, Subject
ages of man’s life, ages of man’s life, Subject
schools/scholars, schools/scholars, Subject
dream visions, dream visions, Subject
hawking, hawking, Subject
Worthies, Worthies, Subject
national policy, national policy, Subject
human life, human life, Subject
months, months, Subject
allegories, allegories, Subject
Agincourt, Agincourt, Subject
Henry V, Henry V, Subject
France, France, Subject
Agnes, Agnes, Subject
agriculture, agriculture, Subject
tithes, tithes, Subject
glosses, glosses, Subject
Piers Plowman, Piers Plowman, Subject
hymns, hymns, Subject
Alban, Alban, Subject
Amphibal, Amphibal, Subject
alchemical poems, alchemical poems, Subject
alchemy, alchemy, Subject
Merlin, Merlin, Subject
Edward IV, Edward IV, Subject
allegory, allegory, Subject
utilitarian verse, utilitarian verse, Subject
philosopher’s stone, philosopher’s stone, Subject
pilgrims/pilgrimage, pilgrims/pilgrimage, Subject
links, links, Subject
corruption, corruption, Subject
Venerable Bede, Venerable Bede, Subject
Alcuin of York, Alcuin of York, Subject
Aldhelm, Aldhelm, Subject
ale, ale, Subject
drinking, drinking, Subject
Gregory, Gregory, Subject
Jews, Jews, Subject
Alexander, Alexander, Subject
Trajan, Trajan, Subject
Alexander the Great, Alexander the Great, Subject
Alexis, Alexis, Subject
Alexius, Alexius, Subject
allegorical poems, allegorical poems, Subject
astrology/astronomy, astrology/astronomy, Subject
printers, printers, Subject
dream poems, dream poems, Subject
Edmund, Edmund, Subject
alliteration, alliteration, Subject
treatises, treatises, Subject
pageant verses, pageant verses, Subject
Northampton, Northampton, Subject
Lollardy, Lollardy, Subject
Richard II, Richard II, Subject
chess, chess, Subject
Venus, Venus, Subject
Diana, Diana, Subject
Courtly Love, Courtly Love, Subject
May, May, Subject
James IV, James IV, Subject
Tudor, Tudor, Subject
dreams, dreams, Subject
alliterative unrhymed, alliterative unrhymed, Subject
All Saints’, All Saints’, Subject
sermon texts, sermon texts, Subject
All Souls’ Day, All Souls’ Day, Subject
apostrophes, apostrophes, Subject
Edward VI, Edward VI, Subject
Edward V, Edward V, Subject
patronage, patronage, Subject
A longing for Death — one quatrain, A longing for Death — one quatrain, Subject
children, children, Subject
Passion, Passion, Subject
flowers, flowers, Subject
Virgin Mary and Christ, Virgin Mary and Christ, Subject
Alphege, Alphege, Subject
Ambrose, Ambrose, Subject
Amys, Amys, Subject
anagrams, anagrams, Subject
Anastasia, Anastasia, Subject
Andrew, Andrew, Subject
angels, angels, Subject
man, man, Subject
anger, anger, Subject
Anicet, Anicet, Subject
dogs, dogs, Subject
animal husbandry, animal husbandry, Subject
animals, animals, Subject
Paston, Paston, Subject
bestiaries, bestiaries, Subject
Anna de Hem, Anna de Hem, Subject
Anne, Anne, Subject
Nativity, Nativity, Subject
Annunciation, Annunciation, Subject
scripture texts, scripture texts, Subject
Anselm, Anselm, Subject
Augustine of Hippo, Augustine of Hippo, Subject
Anthony, Anthony, Subject
Cuthbert, Cuthbert, Subject
Martin, Martin, Subject
Macarius, Macarius, Subject
antifeminism, antifeminism, Subject
autobiography, autobiography, Subject
Antioch, Antioch, Subject
sapientia, sapientia, Subject
antiphons, antiphons, Subject
travel poems, travel poems, Subject
charity, charity, Subject
hoarding, hoarding, Subject
avarice, avarice, Subject
schoolboy exercises, schoolboy exercises, Subject
faith, faith, Subject
ingratitude, ingratitude, Subject
scribes, scribes, Subject
paradoxes, paradoxes, Subject
pride, pride, Subject
Apocalypse, Apocalypse, Subject
apostles, apostles, Subject
charms, charms, Subject
debauchery, debauchery, Subject
herbergage, herbergage, Subject
labour relations, labour relations, Subject
A proverbial couplet, A proverbial couplet, Subject
Arthur, Arthur, Subject
Catherine of Aragon, Catherine of Aragon, Subject
Arthurian literature, Arthurian literature, Subject
supernatural, supernatural, Subject
quest, quest, Subject
Charlemagne, Charlemagne, Subject
David, David, Subject
Ursula, Ursula, Subject
Coventry, Coventry, Subject
knights, knights, Subject
Gawain, Gawain, Subject
ballads, ballads, Subject
sixteen-line, sixteen-line, Subject
Arundel, Arundel, Subject
virelais, virelais, Subject
Ascension, Ascension, Subject
Disciples, Disciples, Subject
liturgical texts, liturgical texts, Subject
Assumption, Assumption, Subject
prognostications, prognostications, Subject
didactic verse, didactic verse, Subject
calendars, calendars, Subject
seasons, seasons, Subject
Augustine of Canterbury, Augustine of Canterbury, Subject
miracles, miracles, Subject
authorship, authorship, Subject
Ave Maria, Ave Maria, Subject
Lord’s Prayer, Lord’s Prayer, Subject
monks, monks, Subject
blessings, blessings, Subject
Baker, Baker, Subject
Moleyns, Moleyns, Subject
bakers, bakers, Subject
Scotland, Scotland, Subject
Scots, Scots, Subject
Stephen, Stephen, Subject
Herod, Herod, Subject
Balliol, Balliol, Subject
Banknot, Banknot, Subject
Bannockburn, Bannockburn, Subject
Denis, Denis, Subject
Christopher, Christopher, Subject
Blasius, Blasius, Subject
Egidius, Egidius, Subject
George, George, Subject
Giles, Giles, Subject
Martha, Martha, Subject
Margaret, Margaret, Subject
Christine, Christine, Subject
Barbara, Barbara, Subject
feasts, feasts, Subject
commemorative verse, commemorative verse, Subject
Barber, Barber, Subject
bookplates, bookplates, Subject
Barbor, Barbor, Subject
Barcroft, Barcroft, Subject
Baret, Baret, Subject
Barlaam and Josaphat, Barlaam and Josaphat, Subject
Barnabas, Barnabas, Subject
Bartholomew, Bartholomew, Subject
Barton, Barton, Subject
Cantlow, Cantlow, Subject
Bath, Bath, Subject
Mary Magdalene, Mary Magdalene, Subject
Beatitudes, Beatitudes, Subject
elegies, elegies, Subject
Humphrey, Humphrey, Subject
Beaufort, Beaufort, Subject
Cobham, Cobham, Subject
Bede the Venerable, Bede the Venerable, Subject
Christmastide, Christmastide, Subject
beheading game, beheading game, Subject
Belers, Belers, Subject
historical verse, historical verse, Subject
Benedict of Nursia, Benedict of Nursia, Subject
Berkeley, Berkeley, Subject
Bernard, Bernard, Subject
Bernard of Clairveaux, Bernard of Clairveaux, Subject
Berwick, Berwick, Subject
friars, friars, Subject
Berwick (Scot.), Berwick (Scot.), Subject
Bettys, Bettys, Subject
Bible, Bible, Subject
flood, flood, Subject
Noah, Noah, Subject
Biblical history, Biblical history, Subject
Henry III, Henry III, Subject
Bigot, Bigot, Subject
nonsense verse, nonsense verse, Subject
loneliness, loneliness, Subject
Birinus, Birinus, Subject
Black Agnes of Dunbar, Black Agnes of Dunbar, Subject
Host, Host, Subject
Eucharist, Eucharist, Subject
Blessed Sacrament, Blessed Sacrament, Subject
curses, curses, Subject
bloodletting, bloodletting, Subject
medicine, medicine, Subject
utilitarian instructions, utilitarian instructions, Subject
body and soul, body and soul, Subject
Boethius, Boethius, Subject
Golden Age, Golden Age, Subject
Bontfant, Bontfant, Subject
Troilus and Cressida, Troilus and Cressida, Subject
Kyng, Kyng, Subject
Hancock, Hancock, Subject
William Bromwell, William Bromwell, Subject
Tucke, Tucke, Subject
Harpur, Harpur, Subject
Scrope, Scrope, Subject
books, books, Subject
pledges, pledges, Subject
Booth, Booth, Subject
Botolph, Botolph, Subject
Flodden Field, Flodden Field, Subject
Brampton, Brampton, Subject
Norwich, Norwich, Subject
Brasier, Brasier, Subject
Brendan, Brendan, Subject
illusion, illusion, Subject
Breton lays, Breton lays, Subject
rhetoric, rhetoric, Subject
Brews, Brews, Subject
Brice, Brice, Subject
Bridget, Bridget, Subject
Brigge, Brigge, Subject
Bristol, Bristol, Subject
brotherly love, brotherly love, Subject
Burlton, Burlton, Subject
Bury, Bury, Subject
Bury St Edmund’s, Bury St Edmund’s, Subject
Stubbe, Stubbe, Subject
Buxton, Buxton, Subject
dramatic writings, dramatic writings, Subject
Caesar, Caesar, Subject
Caiaphas, Caiaphas, Subject
Palm Sunday, Palm Sunday, Subject
Caius, Caius, Subject
Calais, Calais, Subject
Ember Days, Ember Days, Subject
Easter, Easter, Subject
weather, weather, Subject
Calixtus, Calixtus, Subject
Calliope, Calliope, Subject
Cambridge, Cambridge, Subject
Cantelowe, Cantelowe, Subject
Canterbury, Canterbury, Subject
Epiphany, Epiphany, Subject
Doomsday, Doomsday, Subject
domestic life, domestic life, Subject
social comment, social comment, Subject
Incarnation, Incarnation, Subject
fall and redemption, fall and redemption, Subject
Old Testament, Old Testament, Subject
Thomas of Canterbury, Thomas of Canterbury, Subject
husbands, husbands, Subject
Trinity, Trinity, Subject
Purification, Purification, Subject
Holy Innocents, Holy Innocents, Subject
original sin, original sin, Subject
Corpus Christi, Corpus Christi, Subject
lover’s lament, lover’s lament, Subject
gossip, gossip, Subject
Towton (Yorks.), Towton (Yorks.), Subject
schoolboys, schoolboys, Subject
Elizabeth of York, Elizabeth of York, Subject
Nicholas, Nicholas, Subject
Simeon, Simeon, Subject
litanies, litanies, Subject
Clerk, Clerk, Subject
Joseph, Joseph, Subject
Circumcision, Circumcision, Subject
executors, executors, Subject
Holy Ghost, Holy Ghost, Subject
lover’s pleas, lover’s pleas, Subject
tournaments, tournaments, Subject
Henry VIII, Henry VIII, Subject
five-line, five-line, Subject
John the Evangelist, John the Evangelist, Subject
Garter, Garter, Subject
Kent, Kent, Subject
Fogge, Fogge, Subject
mass, mass, Subject
John the Baptist, John the Baptist, Subject
nuns, nuns, Subject
wheat, wheat, Subject
impossibilities, impossibilities, Subject
purgatory, purgatory, Subject
wives, wives, Subject
Carpus, Carpus, Subject
Carthusian Order, Carthusian Order, Subject
castles, castles, Subject
legends, legends, Subject
catechisms, catechisms, Subject
instructional verse, instructional verse, Subject
doctrine, doctrine, Subject
cattle, cattle, Subject
cautionary advice, cautionary advice, Subject
warning against rash speech, warning against rash speech, Subject
Caxton, Caxton, Subject
Cecilia, Cecilia, Subject
Celestin, Celestin, Subject
Chad, Chad, Subject
Chalker, Chalker, Subject
Chamberleyn, Chamberleyn, Subject
chansons, chansons, Subject
devil, devil, Subject
Theobaldus of Champagne, Theobaldus of Champagne, Subject
princes, princes, Subject
Thomas, Thomas, Subject
Louis, Louis, Subject
Robert de Vere, Robert de Vere, Subject
Charles VII, Charles VII, Subject
irregular, irregular, Subject
wolves, wolves, Subject
Cross, Cross, Subject
rats, rats, Subject
toothache, toothache, Subject
The White Benedictus, The White Benedictus, Subject
Nycasie, Nycasie, Subject
hares, hares, Subject
forests, forests, Subject
Edward the Confessor, Edward the Confessor, Subject
parodies, parodies, Subject
chastity, chastity, Subject
Chaucer, Chaucer, Subject
context, context, Subject
Chester, Chester, Subject
Chester castle, Chester castle, Subject
Drury, Drury, Subject
Chichele, Chichele, Subject
Woode, Woode, Subject
courtesy books, courtesy books, Subject
games, games, Subject
children’s rhymes, children’s rhymes, Subject
doggerel, doggerel, Subject
heraldry, heraldry, Subject
Hailes (Gloucs.), Hailes (Gloucs.), Subject
sacraments, sacraments, Subject
soul, soul, Subject
stones, stones, Subject
nightingale, nightingale, Subject
Last Supper, Last Supper, Subject
fifteen, fifteen, Subject
thanksgiving, thanksgiving, Subject
conclusions, conclusions, Subject
John the apostle, John the apostle, Subject
despair, despair, Subject
seven deadly sins, seven deadly sins, Subject
prison/prisoners, prison/prisoners, Subject
redemption, redemption, Subject
composite texts, composite texts, Subject
penance, penance, Subject
indulgences, indulgences, Subject
four-line, four-line, Subject
Christ and His Apostles, Christ and His Apostles, Subject
Christina, Christina, Subject
Christmas carol, Christmas carol, Subject
Wallace, Wallace, Subject
popular verses, popular verses, Subject
Percy, Percy, Subject
Trevisa, Trevisa, Subject
England, England, Subject
Guy of Warwick, Guy of Warwick, Subject
Llewellen, Llewellen, Subject
pageants, pageants, Subject
Schism, Schism, Subject
popes, popes, Subject
Otto IV, Otto IV, Subject
Philip II, Philip II, Subject
dedications, dedications, Subject
Edward III, Edward III, Subject
Rome, Rome, Subject
Richard III, Richard III, Subject
kings of France, kings of France, Subject
Courtenay, Courtenay, Subject
Edward I, Edward I, Subject
Flemish insurrection, Flemish insurrection, Subject
Philip VI, Philip VI, Subject
Flemings, Flemings, Subject
kings, kings, Subject
Despencer, Despencer, Subject
Wyclifite works, Wyclifite works, Subject
Church corruption, Church corruption, Subject
summoners, summoners, Subject
church fathers, church fathers, Subject
Clare, Clare, Subject
Udersall, Udersall, Subject
Clark, Clark, Subject
skeltonics, skeltonics, Subject
classical literature, classical literature, Subject
Clement, Clement, Subject
Wainfleet, Wainfleet, Subject
punctuation poems, punctuation poems, Subject
simony, simony, Subject
cocks, cocks, Subject
Robert the Devil, Robert the Devil, Subject
colphons, colphons, Subject
Duke of Normandy, Duke of Normandy, Subject
farewells, farewells, Subject
Walsingham, Walsingham, Subject
commerce, commerce, Subject
sex, sex, Subject
infidelity, infidelity, Subject
Jacqueline of Hainault, Jacqueline of Hainault, Subject
madness, madness, Subject
frames, frames, Subject
hope, hope, Subject
cryptograms, cryptograms, Subject
testaments, testaments, Subject
composite poems, composite poems, Subject
Cupid, Cupid, Subject
falseness, falseness, Subject
complexions, complexions, Subject
Conception, Conception, Subject
St. Augustine, St. Augustine, Subject
conscience, conscience, Subject
reverence, reverence, Subject
taxation, taxation, Subject
millers, millers, Subject
contest, contest, Subject
contrition, contrition, Subject
Coppyn, Coppyn, Subject
Cornysshe, Cornysshe, Subject
Nature, Nature, Subject
transubstantiation, transubstantiation, Subject
innocence, innocence, Subject
sacrifice, sacrifice, Subject
Cosmas and Damian, Cosmas and Damian, Subject
masonry, masonry, Subject
Somer, Somer, Subject
Theseus, Theseus, Subject
courts, courts, Subject
Edward, Edward, Subject
Cowper, Cowper, Subject
Creation, Creation, Subject
Crecy, Crecy, Subject
crede, crede, Subject
Crispin and Crispinian, Crispin and Crispinian, Subject
Cromwell, Cromwell, Subject
crossbow, crossbow, Subject
senses, senses, Subject
Crysanthus and Daria, Crysanthus and Daria, Subject
‘La Requeste’, ‘La Requeste’, Subject
Occasional poems, Occasional poems, Subject
Flanders, Flanders, Subject
Cupiditas, Cupiditas, Subject
preaching, preaching, Subject
Dalusse, Dalusse, Subject
Damas, Damas, Subject
Saint Andrea, Saint Andrea, Subject
dying person, dying person, Subject
suffering, suffering, Subject
usury, usury, Subject
wisdom, wisdom, Subject
will, will, Subject
deceit, deceit, Subject
Fastolf, Fastolf, Subject
de la Pole, de la Pole, Subject
de Mandeville, de Mandeville, Subject
Isabelle, Isabelle, Subject
religious, religious, Subject
Ireland, Ireland, Subject
devils, devils, Subject
pardon, pardon, Subject
Jons, Jons, Subject
dialecticians, dialecticians, Subject
miracle plays, miracle plays, Subject
incest, incest, Subject
ribaldry, ribaldry, Subject
Peter Dominican, Peter Dominican, Subject
morality plays, morality plays, Subject
wise men, wise men, Subject
dice, dice, Subject
prefaces, prefaces, Subject
duplicity, duplicity, Subject
divination, divination, Subject
two-line, two-line, Subject
zodiac, zodiac, Subject
Dido and Aeneas, Dido and Aeneas, Subject
diet, diet, Subject
dietaries, dietaries, Subject
diseases, diseases, Subject
Dog, Dog, Subject
greyhounds, greyhounds, Subject
The Five Dogs of London, The Five Dogs of London, Subject
Dominic, Dominic, Subject
judgement day, judgement day, Subject
Dorothy, Dorothy, Subject
dragons, dragons, Subject
Fame, Fame, Subject
minstrels, minstrels, Subject
Haster, Haster, Subject
Francis of Assisi, Francis of Assisi, Subject
drunkenness, drunkenness, Subject
duets, duets, Subject
duke of York, duke of York, Subject
Dunbar, Dunbar, Subject
Dunstan, Dunstan, Subject
Eadburh, Eadburh, Subject
Ecgwine, Ecgwine, Subject
Edinburgh, Edinburgh, Subject
Editha, Editha, Subject
Edmund of Abingdon, Edmund of Abingdon, Subject
education, education, Subject
William the Conqueror, William the Conqueror, Subject
Henry II, Henry II, Subject
Margaret of Anjou, Margaret of Anjou, Subject
Yorkist lords, Yorkist lords, Subject
Edward the Elder, Edward the Elder, Subject
Eger de Femyne, Eger de Femyne, Subject
eight-line, eight-line, Subject
Eleanor [Cobham], Eleanor [Cobham], Subject
Willoughby family, Willoughby family, Subject
Ellendune, Ellendune, Subject
Emerentiana (wet nurse to Saint Agnes), Emerentiana (wet nurse to Saint Agnes), Subject
English language, English language, Subject
entertainment, entertainment, Subject
Wulfstan, Wulfstan, Subject
The Game of Love, The Game of Love, Subject
parody, parody, Subject
history, history, Subject
Vere, Vere, Subject
On the Company of Lovers, On the Company of Lovers, Subject
Norbert, Norbert, Subject
Troy, Troy, Subject
Valentine, Valentine, Subject
Philip, Philip, Subject
religious controversy, religious controversy, Subject
St. Valentine’s Day, St. Valentine’s Day, Subject
priesthood, priesthood, Subject
envy, envy, Subject
excommunication, excommunication, Subject
New Year, New Year, Subject
epiptaphs, epiptaphs, Subject
Gate, Gate, Subject
gallants, gallants, Subject
Marsham, Marsham, Subject
Foster, Foster, Subject
Maners, Maners, Subject
Nottingham, Nottingham, Subject
Sheef, Sheef, Subject
Hawles, Hawles, Subject
Willoughby, Willoughby, Subject
Savage, Savage, Subject
Knowles, Knowles, Subject
Wilton, Wilton, Subject
Hunt, Hunt, Subject
Mansfield, Mansfield, Subject
Wentworth, Wentworth, Subject
Spenser, Spenser, Subject
Jon, Jon, Subject
Spyeer, Spyeer, Subject
Skipwith, Skipwith, Subject
Owre, Owre, Subject
Wenlock, Wenlock, Subject
Smith, Smith, Subject
Stokys, Stokys, Subject
Spycere, Spycere, Subject
Quartremayns, Quartremayns, Subject
Thorndon, Thorndon, Subject
Payne, Payne, Subject
Flint, Flint, Subject
Pallas the giant, Pallas the giant, Subject
Palmer, Palmer, Subject
Street, Street, Subject
Pickering, Pickering, Subject
Knolles, Knolles, Subject
Wever, Wever, Subject
Griffith ap Rhys, Griffith ap Rhys, Subject
Victor, Victor, Subject
Leuckin, Leuckin, Subject
Idley [Idle], Idley [Idle], Subject
Equine medicing, Equine medicing, Subject
Erasmus, Erasmus, Subject
Marjory, Marjory, Subject
Erceldoune, Erceldoune, Subject
Erkenwald, Erkenwald, Subject
erotic dreams, erotic dreams, Subject
lyrics, lyrics, Subject
eroticism, eroticism, Subject
men, men, Subject
Esther, Esther, Subject
eternal life, eternal life, Subject
Ethelbert, Ethelbert, Subject
Etheldreda, Etheldreda, Subject
Eugenia, Eugenia, Subject
Euphemia, Euphemia, Subject
Euphrosine, Euphrosine, Subject
Eustace, Eustace, Subject
evangelists, evangelists, Subject
Evarist, Evarist, Subject
Eve, Eve, Subject
lullabies, lullabies, Subject
possessions, possessions, Subject
Trental of St Gregory, Trental of St Gregory, Subject
hermits, hermits, Subject
outlaws, outlaws, Subject
Oswald, Oswald, Subject
Palaan, Palaan, Subject
Thais, Thais, Subject
plowman, plowman, Subject
Exodus, Exodus, Subject
Fabian and Sebastian, Fabian and Sebastian, Subject
purity, purity, Subject
religion, religion, Subject
Thomas the apostle, Thomas the apostle, Subject
farts, farts, Subject
revenge, revenge, Subject
fasting, fasting, Subject
fate, fate, Subject
Felix III, Felix III, Subject
fencing, fencing, Subject
Firmin, Firmin, Subject
fishing, fishing, Subject
FitzSimons, FitzSimons, Subject
Simnel, Simnel, Subject
Flodden Feilde, Flodden Feilde, Subject
Florence of Rome, Florence of Rome, Subject
fools, fools, Subject
forgiveness, forgiveness, Subject
tragedy, tragedy, Subject
steadfastness, steadfastness, Subject
love songs, love songs, Subject
rounds, rounds, Subject
Francie, Francie, Subject
Fraser, Fraser, Subject
Friday, Friday, Subject
Frideswitha, Frideswitha, Subject
security, security, Subject
joyful life, joyful life, Subject
Fronton, Fronton, Subject
Gabriel, Gabriel, Subject
jousts, jousts, Subject
herbals, herbals, Subject
gardening, gardening, Subject
gentillesse, gentillesse, Subject
marvels, marvels, Subject
gentleman, gentleman, Subject
geographical writings, geographical writings, Subject
geography, geography, Subject
Gerelaus, Gerelaus, Subject
Germanus, Germanus, Subject
Glanville, Glanville, Subject
Gloria mundi est, Gloria mundi est, Subject
journeys, journeys, Subject
Godiva, Godiva, Subject
Godric, Godric, Subject
gospels, gospels, Subject
Winchester, Winchester, Subject
gratitude to God, gratitude to God, Subject
saint’s life, saint’s life, Subject
growth and maturation, growth and maturation, Subject
Guines, Guines, Subject
Guthlac, Guthlac, Subject
Gwynneth, Gwynneth, Subject
Halidon Hill, Halidon Hill, Subject
harlotry, harlotry, Subject
Harold, Harold, Subject
Harrowing of Hell, Harrowing of Hell, Subject
Jerusalem, Jerusalem, Subject
hedging, hedging, Subject
superstitions, superstitions, Subject
Helena, Helena, Subject
Henry IV, Henry IV, Subject
Henry the VIII, Henry the VIII, Subject
Rouen, Rouen, Subject
York, York, Subject
Worcester, Worcester, Subject
Mary, Mary, Subject
Hertford, Hertford, Subject
Hilarion, Hilarion, Subject
Hilary, Hilary, Subject
Hippolytus, Hippolytus, Subject
wool, wool, Subject
Redesdale, Redesdale, Subject
Spaniards, Spaniards, Subject
rebellion of 1469, rebellion of 1469, Subject
Yorkshire, Yorkshire, Subject
Otterburn, Otterburn, Subject
Saunders, Saunders, Subject
protest verse, protest verse, Subject
Wars of the Roses, Wars of the Roses, Subject
Neville’s Cross, Neville’s Cross, Subject
Sluys, Sluys, Subject
Whitby Haven, Whitby Haven, Subject
Lewes, Lewes, Subject
Oldcastle, Oldcastle, Subject
Tournay, Tournay, Subject
Neville, Neville, Subject
Stafford, Stafford, Subject
honor, honor, Subject
Taverner, Taverner, Subject
horses, horses, Subject
hospitality, hospitality, Subject
Howard, Howard, Subject
Hyginus, Hyginus, Subject
Winifred, Winifred, Subject
Katherine of Sinai, Katherine of Sinai, Subject
odes, odes, Subject
Saint Cecilia, Saint Cecilia, Subject
Idleness, Idleness, Subject
Ignatius, Ignatius, Subject
Illurin (al. Silverius), Illurin (al. Silverius), Subject
world, world, Subject
Italy, Italy, Subject
Innocent I, Innocent I, Subject
Wells, Wells, Subject
religous instruction, religous instruction, Subject
insults, insults, Subject
interuptions, interuptions, Subject
printers’ prologues, printers’ prologues, Subject
urines, urines, Subject
Roch, Roch, Subject
Sebastian, Sebastian, Subject
moon, moon, Subject
recipes, recipes, Subject
invocations, invocations, Subject
Peter of Birmingham, Peter of Birmingham, Subject
Jacques (James Intercisus) the martyr, Jacques (James Intercisus) the martyr, Subject
James the Great, James the Great, Subject
James the Less, James the Less, Subject
Jerome, Jerome, Subject
Jesus, Jesus, Subject
Joachim and Anna, Joachim and Anna, Subject
John Stewart, John Stewart, Subject
Virgin Mary and Joseph, Virgin Mary and Joseph, Subject
Joseph and Aseneth, Joseph and Aseneth, Subject
Joseph of Arimathea, Joseph of Arimathea, Subject
Judas Iscariot, Judas Iscariot, Subject
Julian the apostate, Julian the apostate, Subject
Julian, Julian, Subject
Juliana, Juliana, Subject
Julian Hosteler, Julian Hosteler, Subject
Julian the confessor, Julian the confessor, Subject
Katherine, Katherine, Subject
Kenelm, Kenelm, Subject
Kildare (Ire.), Kildare (Ire.), Subject
kingdoms, kingdoms, Subject
kisses, kisses, Subject
Knaresborough, Knaresborough, Subject
Lai de Freine, Lai de Freine, Subject
lais, lais, Subject
music, music, Subject
land, land, Subject
Lawrence, Lawrence, Subject
Theophilus, Theophilus, Subject
Magi, Magi, Subject
Patrick, Patrick, Subject
martyrs, martyrs, Subject
Robert of Sicily, Robert of Sicily, Subject
Michael the archangel, Michael the archangel, Subject
Sleepers, Sleepers, Subject
Leger, Leger, Subject
Leo II, Leo II, Subject
Leonard, Leonard, Subject
Pympe, Pympe, Subject
school lessons, school lessons, Subject
liberal arts, liberal arts, Subject
liberality, liberality, Subject
tale, tale, Subject
tale-telling, tale-telling, Subject
sentence, sentence, Subject
tidings, tidings, Subject
pity, pity, Subject
Petrarch, Petrarch, Subject
requital, requital, Subject
lodging, lodging, Subject
students, students, Subject
Longinus, Longinus, Subject
Lord’s Day, Lord’s Day, Subject
refrains, refrains, Subject
spring, spring, Subject
mistress, mistress, Subject
lucky and unlucky days, lucky and unlucky days, Subject
Lucy, Lucy, Subject
Luke, Luke, Subject
Lydgate, Lydgate, Subject
lying, lying, Subject
Machor, Machor, Subject
Marina, Marina, Subject
Marius, Marius, Subject
Mark, Mark, Subject
Robert II, Robert II, Subject
Moor, Moor, Subject
patriarchy, patriarchy, Subject
obedience, obedience, Subject
Mary of Egypt, Mary of Egypt, Subject
Mathias, Mathias, Subject
Matthew, Matthew, Subject
Mawryne the monk, Mawryne the monk, Subject
pestilence, pestilence, Subject
Melchiades [Miltiades], Melchiades [Miltiades], Subject
Methodius, Methodius, Subject
Mildred, Mildred, Subject
secular saints, secular saints, Subject
monastic rules, monastic rules, Subject
moralizing, moralizing, Subject
transience, transience, Subject
temporality, temporality, Subject
Morton, Morton, Subject
unstableness, unstableness, Subject
transience of fortune, transience of fortune, Subject
transcience, transcience, Subject
narratives, narratives, Subject
Nebuchadnezzar, Nebuchadnezzar, Subject
Ninian, Ninian, Subject
Normandy, Normandy, Subject
Norray, Norray, Subject
Windsor, Windsor, Subject
The Duke of Orleans’ Defence of the Scots, The Duke of Orleans’ Defence of the Scots, Subject
Orleans, Orleans, Subject
Ositha, Ositha, Subject
Oswin, Oswin, Subject
ownership, ownership, Subject
psalms, psalms, Subject
pastoral care, pastoral care, Subject
patience, patience, Subject
Peter, Peter, Subject
Paul(in) the Hermit, Paul(in) the Hermit, Subject
Paula, Paula, Subject
Pelagia, Pelagia, Subject
Pentecost, Pentecost, Subject
Peres, Peres, Subject
Petronilla, Petronilla, Subject
Philip and James, Philip and James, Subject
physicians, physicians, Subject
Piers Toller, Piers Toller, Subject
Pilate, Pilate, Subject
Whitsunday, Whitsunday, Subject
plague, plague, Subject
pleasures, pleasures, Subject
Pollard, Pollard, Subject
Polycena, Polycena, Subject
shoemakers, shoemakers, Subject
poulterers, poulterers, Subject
praise, praise, Subject
Richard of Chichester, Richard of Chichester, Subject
St. Gregory’s Trental, St. Gregory’s Trental, Subject
Robert of Bury, Robert of Bury, Subject
Talbot, Talbot, Subject
three-line, three-line, Subject
truth, truth, Subject
Reeves, Reeves, Subject
ribaudry, ribaudry, Subject
Solomon, Solomon, Subject
purse poems, purse poems, Subject
puzzles, puzzles, Subject
Quintin, Quintin, Subject
Quiriac, Quiriac, Subject
religious life, religious life, Subject
Tutivillus, Tutivillus, Subject
Remigius, Remigius, Subject
Sphinx, Sphinx, Subject
Rivers, Rivers, Subject
Rogationtide, Rogationtide, Subject
twins, twins, Subject
rosary, rosary, Subject
saints, saints, Subject
saints’ days, saints’ days, Subject
Sylvester, Sylvester, Subject
Theodora, Theodora, Subject
Scholastica, Scholastica, Subject
Simon and Judas, Simon and Judas, Subject
Swithin, Swithin, Subject
Teilo, Teilo, Subject
Vincent, Vincent, Subject
Sother, Sother, Subject
Simplice and Faustine, Simplice and Faustine, Subject
Vital, Vital, Subject
Thecla, Thecla, Subject
tailors, tailors, Subject
Saturninus, Saturninus, Subject
Savinian and Savina, Savinian and Savina, Subject
schoolbooks, schoolbooks, Subject
summer, summer, Subject
sorrowful things, sorrowful things, Subject
Trinity Sunday, Trinity Sunday, Subject
seven-line, seven-line, Subject
Sigismund, Sigismund, Subject
Simon Magus, Simon Magus, Subject
Standard, Standard, Subject
Syngor, Syngor, Subject
swearing, swearing, Subject
Tottenham (Gloucs.), Tottenham (Gloucs.), Subject
Tottenham, Tottenham, Subject
Templars, Templars, Subject
temptation, temptation, Subject
Theobald, Theobald, Subject
Theodosius, Theodosius, Subject
The Seven Principal Virtues, The Seven Principal Virtues, Subject
witches, witches, Subject
warfare, warfare, Subject
Vaux, Vaux, Subject
Veronica’s veil, Veronica’s veil, Subject
Wales, Wales, Subject
Waterford (Ireland), Waterford (Ireland), Subject
Wise Son, Wise Son, Subject
Wulfhade and Ruffyn, Wulfhade and Ruffyn, Subject
nan, nan, Subject
